{"cameraMode":{"drawMode":0,"name":"Shaded","section":"Shading Mode"},"sceneLighting":true,"audioPlay":false,"sceneViewState":{"m_AlwaysRefresh":false,"showFog":true,"showSkybox":true,"showFlares":true,"showImageEffects":true,"showParticleSystems":true,"showVisualEffectGraphs":true,"m_FxEnabled":true},"in2DMode":false,"pivot":{"x":43.329437255859378,"y":33.10926055908203,"z":7.987720489501953},"rotation":{"x":-0.25824716687202456,"y":-0.02840704657137394,"z":0.007580135948956013,"w":-0.9656804203987122},"size":45.69666290283203,"orthographic":true}